edition,publication_date,available_from,publication_evidence,download_url,availability_note
2009-10,2009-10-01,2009-10-02,AUTHOR_CONFIRMED_PROMPT_SECTION_6,https://www.imf.org/en/publications/weo/weo-database/2009/october/download-entire-database,Conservative availability on the following calendar day
2010-10,2010-10-06,2010-10-07,AUTHOR_CONFIRMED_PROMPT_SECTION_6,https://www.imf.org/en/publications/weo/weo-database/2010/october/download-entire-database,Conservative availability on the following calendar day
2011-09,2011-09-20,2011-09-21,AUTHOR_CONFIRMED_PROMPT_SECTION_6,https://www.imf.org/en/publications/weo/weo-database/2011/september/download-entire-database,Conservative availability on the following calendar day
2012-10,2012-10-08,2012-10-10,AUTHOR_CONFIRMED_PROMPT_SECTION_6,https://www.imf.org/en/publications/weo/weo-database/2012/october/download-entire-database,Publication page dated October 8; public presentation October 9; conservative availability October 10; not proof of first publication of these exact bytes
2013-10,2013-10-08,2013-10-09,AUTHOR_CONFIRMED_PROMPT_SECTION_6,https://www.imf.org/en/publications/weo/weo-database/2013/october/download-entire-database,Conservative availability on the following calendar day
2014-10,2014-10-07,2014-10-08,AUTHOR_CONFIRMED_PROMPT_SECTION_6,https://www.imf.org/en/publications/weo/weo-database/2014/october/download-entire-database,Conservative availability on the following calendar day
2015-10,2015-10-06,2015-10-07,AUTHOR_CONFIRMED_PROMPT_SECTION_6,https://www.imf.org/en/publications/weo/weo-database/2015/october/download-entire-database,Conservative availability on the following calendar day
2016-10,2016-10-04,2016-10-05,AUTHOR_CONFIRMED_PROMPT_SECTION_6,https://www.imf.org/en/publications/weo/weo-database/2016/october/download-entire-database,Conservative availability on the following calendar day
2017-10,2017-10-10,2017-10-11,AUTHOR_CONFIRMED_PROMPT_SECTION_6,https://www.imf.org/en/publications/weo/weo-database/2017/october/download-entire-database,Conservative availability on the following calendar day
2018-10,2018-10-09,2018-10-10,AUTHOR_CONFIRMED_PROMPT_SECTION_6,https://www.imf.org/en/publications/weo/weo-database/2018/october/download-entire-database,Conservative availability on the following calendar day
2019-10,2019-10-15,2019-10-16,AUTHOR_CONFIRMED_PROMPT_SECTION_6,https://www.imf.org/en/publications/weo/weo-database/2019/october/download-entire-database,Conservative availability on the following calendar day
2020-10,2020-10-13,2020-10-14,AUTHOR_CONFIRMED_PROMPT_SECTION_6,https://www.imf.org/en/publications/weo/weo-database/2020/october/download-entire-database,Conservative availability on the following calendar day
2021-10,2021-10-12,2021-10-13,AUTHOR_CONFIRMED_PROMPT_SECTION_6,https://www.imf.org/en/publications/weo/weo-database/2021/october/download-entire-database,Conservative availability on the following calendar day
2022-10,2022-10-11,2022-10-12,AUTHOR_CONFIRMED_PROMPT_SECTION_6,https://www.imf.org/en/publications/weo/weo-database/2022/october/download-entire-database,Conservative availability on the following calendar day
2023-10,2023-10-10,2023-10-11,AUTHOR_CONFIRMED_PROMPT_SECTION_6,https://www.imf.org/en/publications/weo/weo-database/2023/october/download-entire-database,Conservative availability on the following calendar day
2024-10,2024-10-22,2024-10-23,AUTHOR_CONFIRMED_PROMPT_SECTION_6,https://www.imf.org/en/publications/weo/weo-database/2024/october/download-entire-database,Conservative availability on the following calendar day
